{
  "project_info": {
    "project_number": "430966157210",
    "firebase_url": "https://cloudtest-d4041.firebaseio.com",
    "project_id": "cloudtest-d4041",
    "storage_bucket": "cloudtest-d4041.appspot.com"
  },
  "client": [
    {
      "client_info": {
        "mobilesdk_app_id": "1:430966157210:android:7434c1807fe53b6a",
        "android_client_info": {
          "package_name": "com.ibm.mobilefirstplatform.clientsdk.android.push"
        }
      },
      "oauth_client": [
        {
          "client_id": "430966157210-lm3vrk0p2k5t8tln66mml17qd24hqfu8.apps.googleusercontent.com",
          "client_type": 3
        }
      ],
      "api_key": [
        {
          "current_key": "AIzaSyAcFiBj6HNamhnj76wb4TScOhnVaDA8DWM"
        }
      ],
      "services": {
        "analytics_service": {
          "status": 1
        },
        "appinvite_service": {
          "status": 1,
          "other_platform_oauth_client": []
        },
        "ads_service": {
          "status": 2
        }
      }
    }
  ],
  "configuration_version": "1"
}